,,BROADCAST NAME,REGION,STREAM LINK,STREAM HYPERLINK
,,Guillosko,,twitch.tv/guillosko,Guillosko
,,MKOI Safo20,,twitch.tv/safo20_,MKOI Safo20
,,AGAL HoroX,,https://www.twitch.tv/horox335,AGAL HoroX
,,Hypno,,https://www.twitch.tv/hypno_tft,Hypno
,,MIH bensac,,https://www.twitch.tv/bensac4,MIH bensac
,,MIH ZyK0o,,https://www.twitch.tv/zyk0o_,MIH ZyK0o
,,M8 Jedusor,,https://www.twitch.tv/tomjedusor_tft,M8 Jedusor
,,MIH Tarteman,,https://www.twitch.tv/tarteman,MIH Tarteman
,,pepoglad,,https://www.twitch.tv/peepogladtft,pepoglad
,,CTG Kaiweng,,https://www.twitch.tv/kaiweng,CTG Kaiweng
,,CTG dankmemes01,,https://www.twitch.tv/dankmemes011,CTG dankmemes01
,,FL Upsetmax,,https://www.twitch.tv/upsetmaxtft,FL Upsetmax
,,vclf,,https://www.twitch.tv/vclftft,vclf
,,ACAD Dishsoap,,https://www.twitch.tv/dishsoap,ACAD Dishsoap
,,k0nda1,,https://www.twitch.tv/k0nda1,k0nda1
,,Bruhbruhbruhwho,,https://www.twitch.tv/bruhbruhbruhwho,Bruhbruhbruhwho
,,VIT k3soju,,twitch.tv/k3soju,VIT k3soju
,,FNC Darth Nub,,twitch.tv/darthnub,FNC Darth Nub
,,steppy,,https://www.youtube.com/@steppytft,steppy
,,VP Maris,,https://www.youtube.com/@marisnguyen2601,VP Maris
,,VP Milo,,https://www.youtube.com/@MiloTFT,VP Milo
,,A Long,,https://www.youtube.com/@longneeee,A Long
,,steelo of bora,,https://chzzk.naver.com/4f0de1b03b171810488c81b3ff0e9200,steelo of bora
,,ZETA title,,https://www.twitch.tv/title_tft,ZETA title
,,FW Iron Bog,,https://www.twitch.tv/ironbogg,FW Iron Bog
,,seoill,,https://chzzk.naver.com/3694562f50e0f44ab161be354c702ccd,seoill
,,FW AQ1H,,https://www.twitch.tv/aq1h99,FW AQ1H
,,RRQ YBY1,,https://www.youtube.com/@YBY1TFT,RRQ YBY1
,,jiejie,,,jiejie
,,Qitux,,,Qitux
,,AUR Huanmie,,,AUR Huanmie
,,AGAL lituchuan,,,AGAL lituchuan
,,WBG XZZ,,,WBG XZZ
,,Ringo,,,Ringo
,,LiShao,,,LiShao
,,TLG diaomei,,,TLG diaomei
,,WBG Tianlong,,,WBG Tianlong
,,xiaoge,,,xiaoge
,,suirenka,,,suirenka
,,huanyi,,,huanyi